{"slush":
[{"_id":"5ff3d1dc03d47731cce78cd4","id":5,"name":"Anchorage","address":"415 E St","city":"Anchorage","state":"AK","zip":"99501","website":"https://www.hardrockcafe.com/location/anchorage/","phone":"1 907-274-7625","time":"","distance":"","sat":"","sun":"","coords":"61.218889, -149.891194","visited":0,"opened":"","closed":""},{"_id":"5ff3d1dc03d47731cce78cd3","id":6,"name":"Atlanta","address":"215 Peachtree St NE","city":"Atlanta","state":"GA","zip":"30303","website":"https://www.hardrockcafe.com/location/atlanta/","phone":"1 404-688-7625","time":"","distance":"","sat":"","sun":"","coords":"33.759778, -84.387389","visited":0,"opened":"","closed":""},{"_id":"5ff3d1dc03d47731cce78ccf","id":7,"name":"Atlantic City","address":"1000 Boardwalk","city":"Atlantic City","state":"NJ","zip":"08401  ","website":"https://www.hardrockcafe.com/location/atlantic-city/","phone":"1 609-441-0007","time":"","distance":"","sat":"","sun":"","coords":"39.359111, -74.419389","visited":1,"opened":"1996-11-15","closed":""},{"_id":"5ff3d1dc03d47731cce78cd0","id":8,"name":"Baltimore","address":"601 E Pratt St","city":"Baltimore","state":"MD","zip":"21202 ","website":"https://www.hardrockcafe.com/location/baltimore/","phone":"1 410-347-7625","time":"","distance":"","sat":"","sun":"","coords":"39.286111, -76.607389","visited":0,"opened":"1997-07-04","closed":""},{"_id":"5ff3d1dc03d47731cce78cd1","id":9,"name":"Biloxi","address":"777 Beach Blvd","city":"Biloxi","state":"MS","zip":"39530","website":"https://www.hardrockcafe.com/location/biloxi/","phone":"1 228-276-5233","time":"","distance":"","sat":"","sun":"","coords":"30.3919726,-88.8897446","visited":0,"opened":"2007-07-01","closed":""},{"_id":"5ff3d1dc03d47731cce78cd2","id":10,"name":"Boston","address":"22 Clinton St","city":"Boston","state":"MA","zip":"02109 ","website":"https://www.hardrockcafe.com/location/boston/","phone":"1 617-424-7625","time":"","distance":"","sat":"","sun":"","coords":"42.360806, -71.055361","visited":1,"opened":"2007-07-02","closed":""},{"_id":"5ff3d1dc03d47731cce78cd5","id":11,"name":"Chicago","address":"63 W Ontario St","city":"Chicago","state":"IL","zip":"60654 ","website":"https://www.hardrockcafe.com/location/chicago/","phone":"1 312-943-2252","time":"","distance":"","sat":"","sun":"","coords":"41.8931028,-87.6325937","visited":1,"opened":"","closed":""},{"_id":"5ff3d1dc03d47731cce78cfb","id":49,"name":"Cozumel","address":"Av. Rafael Melgar, Km. 3.5, Plaza Royal Village Cozumel\nQuintana Roo","city":"Quintana Roo","state":"MX","zip":"77600","website":"https://www.hardrockcafe.com/location/cozumel/","phone":"52 987 989 6439","time":"","distance":"","sat":"","sun":"","coords":"20.4790396,-86.9737611","visited":1,"opened":"","closed":""},{"_id":"5ff3d1dc03d47731cce78cfa","id":48,"name":"Dallas","address":"2211 N Houston St","city":"Dallas","state":"TX","zip":"75219","website":"https://www.hardrockcafe.com/location/dallas/","phone":"(469) 341-7625","time":"","distance":"","sat":"","sun":"","coords":"32.7848758,-96.8114622,17","visited":1,"opened":"","closed":""},{"_id":"5ff3d1dc03d47731cce78cd6","id":12,"name":"Denver","address":"500 16th St","city":"Denver","state":"CO","zip":"80202 ","website":"https://www.hardrockcafe.com/location/denver/","phone":"1 303-623-3191","time":"","distance":"","sat":"","sun":"","coords":"39.743694, -104.990444","visited":0,"opened":"","closed":""},{"_id":"5ff3d1dc03d47731cce78cf7","id":45,"name":"Dublin","address":"12 Fleet Street, Temple Bar","city":"Dublin","state":"IE","zip":"D02 NW56","website":"https://www.hardrockcafe.com/location/dublin/","phone":"353 1 671 7777","time":"","distance":"","sat":"","sun":"","coords":"53.345833, -6.260806","visited":1,"opened":"","closed":""},{"_id":"5ff3d1dc03d47731cce78cd7","id":13,"name":"Four Winds","address":"11111 Wilson Road","city":"New Buffalo","state":"MI","zip":"49117","website":"https://www.hardrockcafe.com/location/four-winds/","phone":"1 866-494-6371","time":"","distance":"","sat":"","sun":"","coords":"41.7817222,-86.710022,17","visited":0,"opened":"","closed":""},{"_id":"5ff3d1dc03d47731cce78cd8","id":14,"name":"Foxwoods","address":"350 Trolley Line Blvd","city":"Mashentucket","state":"CT","zip":"06338","website":"https://www.hardrockcafe.com/location/foxwoods","phone":"1 860-312-7625","time":"","distance":"","sat":"","sun":"","coords":"41.476111, -71.961278","visited":1,"opened":"","closed":""},{"_id":"5ff3d1dc03d47731cce78cd9","id":15,"name":"Hollywood FL","address":"1 Seminole Way","city":"Hollywood","state":"FL","zip":"33314","website":"https://www.hardrockcafe.com/location/hollywood-fl/","phone":"1 954-315-9112","time":"","distance":"","sat":"","sun":"","coords":"26.051917, -80.212500","visited":0,"opened":"","closed":""},{"_id":"5ff3d1dc03d47731cce78cda","id":16,"name":"Hollywood on Hollywood Blvd","address":"6801 Hollywood Blvd, Suite 105","city":"Los Angeles","state":"CA","zip":"90028 ","website":"https://www.hardrockcafe.com/location/hollywood-on-hollywood-blvd/","phone":"1 323-464-7625","time":"","distance":"","sat":"","sun":"","coords":"34.102639, -118.339667","visited":0,"opened":"","closed":""},{"_id":"5ff3d1dc03d47731cce78cdb","id":17,"name":"Honolulu","address":"280 Beach Walk","city":"Honolulu","state":"HI","zip":"96815","website":"https://www.hardrockcafe.com/location/honolulu/","phone":"1 808-955-7383","time":"","distance":"","sat":"","sun":"","coords":"21.280934,-157.8329989","visited":0,"opened":"","closed":""},{"_id":"5ff3d1dc03d47731cce78cdc","id":18,"name":"Houston","address":"502 Texas St","city":"Houston","state":"TX","zip":"77002","website":"https://www.hardrockcafe.com/location/houston/","phone":"1 713-227-1392","time":"","distance":"","sat":"","sun":"","coords":"29.7627099,-95.3695743","visited":0,"opened":"","closed":""},{"_id":"5ff3d1dc03d47731cce78cdd","id":19,"name":"Houston Airport","address":"3100 Terminal Road","city":"Houston","state":"TX","zip":"77032 ","website":"https://www.hardrockcafe.com/location/houston-airport/","phone":"1 281-233-7652","time":"","distance":"","sat":"","sun":"","coords":"29.9868889,-95.3475776","visited":0,"opened":"","closed":""},{"_id":"5ff3d1dc03d47731cce78cde","id":20,"name":"Key West","address":"313 Duval St","city":"Key West","state":"FL","zip":"33040 ","website":"https://www.hardrockcafe.com/location/key-west/","phone":"1 305-293-0230","time":"","distance":"","sat":"","sun":"","coords":"24.557833, -81.804222","visited":1,"opened":"","closed":""},{"_id":"5ff3d1dc03d47731cce78cdf","id":21,"name":"Las Vegas","address":"3771 Las Vegas Blvd South, #120","city":"Las Vegas","state":"NV","zip":"89109","website":"https://www.hardrockcafe.com/location/las-vegas/","phone":"1 702-733-7625","time":"","distance":"","sat":"","sun":"","coords":"36.104250, -115.172583","visited":0,"opened":"","closed":""},{"_id":"5ff3d1dc03d47731cce78ce0","id":22,"name":"Louisville","address":"424 S 4th St","city":"Louisville","state":"KY","zip":"40202 ","website":"https://www.hardrockcafe.com/location/louisville/","phone":"1 502-568-2202","time":"","distance":"","sat":"","sun":"","coords":"38.252278, -85.757444","visited":0,"opened":"","closed":""},{"_id":"5ff3d1dc03d47731cce78ce1","id":23,"name":"Mall of America","address":"5115 Center Court","city":"Bloomington","state":"MN","zip":"55425 ","website":"https://www.hardrockcafe.com/location/mall-of-america/","phone":"1 952-853-7000","time":"","distance":"","sat":"","sun":"","coords":"44.854556, -93.241889","visited":0,"opened":"","closed":""},{"_id":"5ff3d1dc03d47731cce78ce2","id":24,"name":"Memphis","address":"126 Beale St","city":"Memphis","state":"TN","zip":"38103","website":"https://www.hardrockcafe.com/location/memphis/","phone":"1 901-529-0007","time":"","distance":"","sat":"","sun":"","coords":"35.1400733,-90.0557612","visited":0,"opened":"","closed":""},{"_id":"5ff3d1dc03d47731cce78ce3","id":25,"name":"Miami","address":"401 Biscayne Blvd","city":"Miami","state":"FL","zip":"33132","website":"https://www.hardrockcafe.com/location/miami/","phone":"1 305-377-3110","time":"","distance":"","sat":"","sun":"","coords":"25.777250, -80.184583","visited":1,"opened":"","closed":""},{"_id":"5ff3d1dc03d47731cce78ce4","id":26,"name":"Myrtle Beach","address":"1318 Celebrity Circle, Broadway at the Beach","city":"Myrtle Beach","state":"SC","zip":"29577","website":"https://www.hardrockcafe.com/location/myrtle-beach/","phone":"1 843-946-0007","time":"","distance":"","sat":"","sun":"","coords":"33.7172277,-78.8835485","visited":1,"opened":"","closed":""},{"_id":"5ff3d1dc03d47731cce78ce5","id":27,"name":"Nashville","address":"100 Broadway","city":"Nashville","state":"TN","zip":"37201 ","website":"https://www.hardrockcafe.com/location/nashville/","phone":"1 615-742-9900","time":"","distance":"","sat":"","sun":"","coords":"36.1624286,-86.7771447","visited":0,"opened":"","closed":""},{"_id":"5ff3d1dc03d47731cce78ce6","id":28,"name":"New Orleans","address":"125 Bourbon Street","city":"New Orleans","state":"LA","zip":"70130","website":"https://www.hardrockcafe.com/location/new-orleans/","phone":"1 504-529-5617","time":"","distance":"","sat":"","sun":"","coords":"29.9546796,-90.0715277","visited":0,"opened":"","closed":""},{"_id":"5ff3d1dc03d47731cce78ce7","id":29,"name":"New York","address":"1501 Broadway","city":"New York","state":"NY","zip":"10036 ","website":"https://www.hardrockcafe.com/location/new-York/","phone":"212-343-3355","time":"","distance":"","sat":"","sun":"","coords":"40.7570352,-73.9887999","visited":1,"opened":"","closed":""},{"_id":"5ff3d1dc03d47731cce78cf6","id":44,"name":"Niagara Falls Canada","address":"5705 Falls Avenue","city":"Ontario","state":"ON","zip":"L2H 6T3","website":"https://www.hardrockcafe.com/location/niagara-falls-canada/","phone":"1 905-356-7625","time":"","distance":"","sat":"","sun":"","coords":"43.0837008,-79.0903384","visited":1,"opened":"","closed":""},{"_id":"5ff3d1dc03d47731cce78ce8","id":30,"name":"Niagara Falls USA","address":"333 Prospect St","city":"Niagara Falls","state":"NY","zip":"14303","website":"https://www.hardrockcafe.com/location/niagara-falls-usa/","phone":"1 716-282-0007","time":"","distance":"","sat":"","sun":"","coords":"43.086833, -79.064556","visited":1,"opened":"","closed":""},{"_id":"5ff3d1dc03d47731cce78ce9","id":31,"name":"Orlando","address":"6050 Universal Blvd","city":"Orlando","state":"FL","zip":"32819","website":"https://www.hardrockcafe.com/location/orlando/","phone":"1 407-351-7625","time":"","distance":"","sat":"","sun":"","coords":"29.3360486,-81.8056782","visited":0,"opened":"","closed":""},{"_id":"5ff3d1dc03d47731cce78cf8","id":46,"name":"Pattaya","address":"429 Moo 9, Pattaya Beach Road","city":"Nongprue, Pattaya","state":"TH","zip":"20150","website":"https://www.hardrockcafe.com/location/pattaya/","phone":"66 38 428 755","time":"","distance":"","sat":"","sun":"","coords":"12.939556, 100.885083","visited":1,"opened":"","closed":""},{"_id":"5ff3d1dc03d47731cce78cea","id":32,"name":"Philadelphia","address":"1113 Market St","city":"Philadelphia","state":"PA","zip":"19107 ","website":"https://www.hardrockcafe.com/location/philadelphia/","phone":"215-238-1000","time":"","distance":"","sat":"","sun":"","coords":"39.9521212,-75.1615797","visited":1,"opened":"","closed":""},{"_id":"5ff3d1dc03d47731cce78ceb","id":33,"name":"Phoenix","address":"3 S 2nd St","city":"Phoenix","state":"AZ","zip":"85004","website":"https://www.hardrockcafe.com/location/phoenix/","phone":"1 602-261-7625","time":"","distance":"","sat":"","sun":"","coords":"33.446861, -112.071028","visited":1,"opened":"","closed":""},{"_id":"5ff3d1dc03d47731cce78cf9","id":47,"name":"Phucket","address":"48/1 Ruamjai Road","city":"Patong Kathu, Phucket","state":"TH","zip":"83150","website":"https://www.hardrockcafe.com/location/phuket/","phone":"66 76 366 381","time":"","distance":"","sat":"","sun":"","coords":"7.8865682,98.2955188","visited":1,"opened":"","closed":""},{"_id":"5ff3d1dc03d47731cce78cec","id":34,"name":"Pigeon Forge","address":"2050 Parkway","city":"Pigeon Forge","state":"TN","zip":"37863 ","website":"https://www.hardrockcafe.com/location/pigeon-forge/","phone":"1 865-430-7625","time":"","distance":"","sat":"","sun":"","coords":"35.824222, -83.579139","visited":0,"opened":"","closed":""},{"_id":"5ff3d1dc03d47731cce78ced","id":35,"name":"Pittsburgh","address":"230 W. Station Square Drive.","city":"Pittsburgh","state":"PA","zip":"15219 ","website":"https://www.hardrockcafe.com/location//","phone":"1 412-481-7625","time":"","distance":"","sat":"","sun":"","coords":"40.433861, -80.005000","visited":0,"opened":"","closed":""},{"_id":"5ff3d1dc03d47731cce78cee","id":36,"name":"Sacramento","address":"3317 Forty Mile Road","city":"Wheatland","state":"CA","zip":"95692 ","website":"https://www.hardrockcafe.com/location/sacramento/","phone":"1 916-943-3703","time":"","distance":"","sat":"","sun":"","coords":"39.0504542,-121.5158273","visited":0,"opened":"","closed":""},{"_id":"5ff3d1dc03d47731cce78cef","id":37,"name":"San Antonio","address":"111 W Crockett St","city":"San Antonio","state":"TX","zip":"78205","website":"https://www.hardrockcafe.com/location/san-antonio/","phone":"1 210-224-7625","time":"","distance":"","sat":"","sun":"","coords":"29.4252393,-98.4913598","visited":0,"opened":"","closed":""},{"_id":"5ff3d1dc03d47731cce78cf0","id":38,"name":"San Francisco","address":"39 Pier #256","city":"San Francisco","state":"CA","zip":"94133","website":"https://www.hardrockcafe.com/location/san-francisco/","phone":"1 415-956-2013","time":"","distance":"","sat":"","sun":"","coords":"37.808765,-122.4119986","visited":0,"opened":"","closed":""},{"_id":"5ff3d1dc03d47731cce78cf1","id":39,"name":"Seattle","address":"116 Pike St","city":"Seattle","state":"WA","zip":"98101","website":"https://www.hardrockcafe.com/location/seattle/","phone":"1 206-204-2233","time":"","distance":"","sat":"","sun":"","coords":"47.6092349,-122.3416708","visited":0,"opened":"","closed":""},{"_id":"5ff3d1dc03d47731cce78cf2","id":40,"name":"Tampa","address":"5223 North Orient Road","city":"Tampa","state":"FL","zip":"33610","website":"https://www.hardrockcafe.com/location/tampa/","phone":"1 813-627-7757","time":"","distance":"","sat":"","sun":"","coords":"27.9935009,-82.3732059","visited":1,"opened":"","closed":""},{"_id":"5ff3d1dc03d47731cce78cf3","id":41,"name":"Tampa Airport","address":"4100 George J Bean Pkwy","city":"Tampa","state":"FL","zip":"33607","website":"https://www.hardrockcafe.com/location/tampa-airport/","phone":"1 813-387-9838","time":"","distance":"","sat":"","sun":"","coords":"27.9771524,-82.5333269","visited":1,"opened":"","closed":""},{"_id":"5ff3d1dc03d47731cce78cf4","id":42,"name":"Washington DC","address":"999 E St NW","city":"Washington","state":"DC","zip":"20004 ","website":"https://www.hardrockcafe.com/location/washington-dc/","phone":"1 202-737-7625","time":"","distance":"","sat":"","sun":"","coords":"38.8963536,-77.028037","visited":1,"opened":"","closed":""},{"_id":"5ff3d1dc03d47731cce78cf5","id":43,"name":"Yankee Stadium","address":"1 E 161st St","city":"Bronx","state":"NY","zip":"10451 ","website":"https://www.hardrockcafe.com/location/yankee-stadium/","phone":"646-977-8888","time":"","distance":"","sat":"","sun":"","coords":"40.82854,-73.9280732","visited":1,"opened":"","closed":""}]
}